Pair,denselayer15.conv2,denselayer16.conv1,denselayer16.conv2
Tibia-Femur,0.9828371405601501,0.9957228899002075,0.878833532333374
Tibia-Background,0.6986904740333557,0.933112621307373,0.32642480731010437
Femur-Background,0.6990528106689453,0.9308269619941711,0.41489431262016296
